Tarefa,Score
jobid,13500315804.1339
isdone,13500315804.1339
checkstatus,13500315804.1339
inputdata,700338820.666643
jobparams,700338820.666643
emailaddress,261193856.699802
sequenceorid,97413178.8278952
gettextresult,36463.283683109
contentlist,13599.1114758774
getxmlresult,5071.8370440951
contentslist,5071.8370440951
unpacktextresult,705.4639188673
searchdatabase,263.1052803215
database,263.1052803215
unpackxmlresult,263.1052803215
sequencedatabase,36.5964601221
bioinformaticsprogram,36.5964601221
seqret,36.5964601221
email,36.5964601221
sequences,36.5964601221
searchsimple,13.648780103
blastprogram,13.648780103
fetchdata,13.648780103
getfastauniprotentry,5.0903611354
uniprotaccession,5.0903611354
bioinformaticsparameter,5.0903611354
program,5.0903611354
sequence,5.0903611354
runinterproscan,5.0903611354
idlist,5.0903611354
formatlistfordbfetch,5.0903611354
fetchbatch,5.0903611354
issequence,5.0903611354
getfastaddbjentry,1.8984683095
ddbjaccession,1.8984683095
parametersxml,1.8984683095
getids,1.8984683095
runclustalw,1.8984683095
getoutput,1.8984683095
unpackoutput,1.8984683095
getalignment,1.8984683095
unpackalignment,1.8984683095
extractposition,0.7080405155
searchparallel,0.7080405155
bytetostring,0.7080405155
runwublast,0.7080405155
decodetextresult,0.7080405155
decodexmlresult,0.7080405155
gethitidlist,0.7080405155
askforemail,0.7080405155
askforsequence,0.7080405155
getalignmentresult,0.7080405155
getguidetreeresult,0.7080405155
getoutputresult,0.7080405155
unpackalignmentresult,0.7080405155
unpackguidetreeresult,0.7080405155
unpackoutputresult,0.7080405155
id,0.2640662312
getproteinfasta,0.2640662312
getresult,0.2640662312
makedatabaselist,0.2640662312
selectdatabase,0.2640662312
runncbiblast,0.2640662312
ebiinterproscan,0.2640662312
getnjtreeresult,0.2640662312
getphyliptreeresult,0.2640662312
sequencealignment,0.2640662312
unpacknjtree,0.2640662312
unpackphyliptree,0.2640662312
blastddbj,0.2640662312
tmap,0.2640662312
fastastring,0.2640662312
addangle,0.2640662312
splitintosequences,0.2640662312
flattenlist,0.2640662312
bioinformaticsprograms,0.0984844411
searchparam,0.0984844411
biologicalsequencedatabase,0.0984844411
getnucleotidefasta,0.0984844411
isrunning,0.0984844411
getstatus,0.0984844411
run,0.0984844411
makeprogramlist,0.0984844411
ebiwublast,0.0984844411
selectprogram,0.0984844411
fastaprogram,0.0984844411
inputdatalist,0.0984844411
fastajobparams,0.0984844411
runfasta,0.0984844411
ebincbiblast,0.0984844411
query,0.0984844411
sss,0.0984844411
sssprogram,0.0984844411
msa,0.0984844411
runphobius,0.0984844411
unpacktextoutput,0.0984844411
formatasgff,0.0984844411
blastsimplifier,0.0984844411
minimumorflength,0.0984844411
translationtable,0.0984844411
getorf,0.0984844411
fastastringtofastalist,0.0984844411
queryseq,0.0984844411
gi,0.0984844411
buildfastaseq,0.0984844411
extractaccver,0.0984844411
extractdes,0.0984844411
extractseq,0.0984844411
xpathfromtext,0.0984844411
runefetchms,0.0984844411
mergestringlisttostring,0.0984844411
sequenceoridorgi,0.0984844411
isgi,0.0984844411
getfastafromgi,0.0984844411
extractentries,0.0984844411
uniparcid,0.0984844411
buildinterpromatchesuniparcurl,0.0984844411
getentryfromsrs,0.0984844411
checkforsrserror,0.0984844411
picrinputparams,0.0984844411
getupiforsequence,0.0984844411
unwrappicrresult,0.0984844411
ginumber,0.0984844411
job,0.0984844411
wsarrayofdataxml,0.0984844411
contentxml,0.0984844411
poll,0.0984844411
object,0.036730123
parsemobydatajpegimage,0.036730123
parsemobydatasimpleannotatedjpegimage,0.036730123
getdragonsimpleannotatedimages,0.036730123
getjpegfromannotatedimage,0.036730123
namespace,0.036730123
decodebase64tobyte,0.036730123
createfasta,0.036730123
getuniquehomolog,0.036730123
emma,0.036730123
gethssequence,0.036730123
getmmsequence,0.036730123
getrnsequence,0.036730123
hsapiensgeneensembl,0.036730123
plot,0.036730123
flattenimagelist,0.036730123
stringconstant,0.036730123
rcsbprefix,0.036730123
pdbid,0.036730123
addprefixtoid,0.036730123
rcsbsuffix,0.036730123
addsuffix,0.036730123
fetchpage,0.036730123
proteinid,0.036730123
nucid,0.036730123
getnucleotidegbseqxml,0.036730123
getproteingbseqxml,0.036730123
getnucleotidetinyseqxml,0.036730123
getproteininsdseqxml,0.036730123
getnucleotideinsdseqxml,0.036730123
getproteintinyseqxml,0.036730123
databases,0.036730123
sequencetype,0.036730123
jobstatuspoll,0.036730123
jobstatus,0.036730123
makefastaprogramlist,0.036730123
selectfastaprogram,0.036730123
ebifasta,0.036730123
clustalwalignment,0.036730123
clustalwphylogenetictree,0.036730123
runblastpgp,0.036730123
blastfilecomparer,0.036730123
chromosomefilter,0.036730123
speciesfilter,0.036730123
fetchsequences,0.036730123
phylogenetictree,0.036730123
fetchhits,0.036730123
ebiinterproscantmhmmsignalp,0.036730123
ebiphobius,0.036730123
tmapsingleseq,0.036730123
mergegff,0.036730123
moleculetype,0.036730123
runkalign,0.036730123
mpsrchprogram,0.036730123
runmpsrch,0.036730123
runmafft,0.036730123
blastfile,0.036730123
gioption,0.036730123
searchmode,0.036730123
runscanps,0.036730123
runmuscle,0.036730123
runtcoffee,0.036730123
pdbformatcoordinates,0.036730123
runmaxsprout,0.036730123
unpackresult,0.036730123
structureorid,0.036730123
isstructure,0.036730123
usestructure,0.036730123
nucleotideorftranslation,0.036730123
ebidbfetchfetchbatch,0.036730123
blastdatabase,0.036730123
querysequence,0.036730123
buildqblastputurl,0.036730123
qblastput,0.036730123
extractqblastjobid,0.036730123
qblastjobid,0.036730123
buildqblastgeturl,0.036730123
extractqblaststatus,0.036730123
qblastget,0.036730123
chainid,0.036730123
structure,0.036730123
rundalilite,0.036730123
ebipicrsequencetoid,0.036730123
ebifetchinterpromatchesuniparc,0.036730123
spitpicrresult,0.036730123
ebidbfetchuniparc,0.036730123
getmaskedsequence,0.036730123
gettable,0.036730123
repeatlibrary,0.036730123
unpackmaskedsequence,0.036730123
runcensor,0.036730123
unpacktable,0.036730123
sequenceorigin,0.036730123
gettrna,0.036730123
inputparameters,0.036730123
unwrapresult,0.036730123
findbinaryinteractions,0.036730123
splitbynewline,0.036730123
stproteinid,0.036730123
ndproteinid,0.036730123
stproteinstructure,0.036730123
ndproteinstructure,0.036730123
boxshade,0.036730123
mustang,0.036730123
paramsxml,0.036730123
params,0.036730123
checkstatusworkflow,0.036730123
blastp,0.036730123
swiss,0.036730123
genscan,0.036730123
genscansplitter,0.036730123
repeatmasker,0.036730123
blast,0.036730123
keyin,0.036730123
checkforsuccess,0.036730123
getoperationstatusin,0.036730123
getoperationstatus,0.036730123
getoperationstatusout,0.036730123
compression,0.036730123
download,0.036730123
downloadin,0.036730123
downloadout,0.036730123
format,0.036730123
getdownloadurl,0.036730123
getdownloadurlin,0.036730123
inputlisttext,0.036730123
inputlisttextin,0.036730123
inputlisttextout,0.036730123
statuscheck,0.036730123
idtype,0.036730123
getdownloadurlout,0.036730123
bgetin,0.036730123
convertlistofkeggidsinto1elementlistoflists,0.036730123
getimagefromurl,0.036730123
removeduplicatestrings,0.036730123
splitstringintostringlistbyregularexpression,0.036730123
markpathwaybyobjects,0.036730123
bget,0.036730123
getpathwaysbycompounds,0.036730123
beanshellscriptinghost,0.036730123
ncbidatabase,0.036730123
fetchcompoundimage,0.036730123
fetchcompoundinfo,0.036730123
terms,0.036730123
ncbiesearch,0.036730123
requestxml,0.036730123
runesummary,0.036730123
proteinsequences,0.036730123
concatenatetwostrings,0.036730123
regex,0.036730123
splitstringintolist,0.036730123
removefirstcharacter,0.036730123
